Stress,Region,Station,WY,fWY,nDays,totalDays,propDays
High,Central,BAC,2010,2010,113,358,0.316
High,Central,BAC,2011,2011,114,362,0.315
High,Central,BAC,2012,2012,85,339,0.251
High,Central,BAC,2013,2013,139,363,0.383
High,Central,BAC,2014,2014,139,365,0.381
High,Central,BAC,2015,2015,151,363,0.416
High,Central,BAC,2016,2016,150,364,0.412
High,Central,BAC,2017,2017,111,357,0.311
High,Central,BAC,2018,2018,134,365,0.367
High,Central,BAC,2019,2019,130,363,0.358
High,Central,BET,2010,2010,104,364,0.286
High,Central,BET,2011,2011,115,363,0.317
High,Central,BET,2012,2012,107,362,0.296
High,Central,BET,2013,2013,120,360,0.333
High,Central,BET,2014,2014,137,365,0.375
High,Central,BET,2015,2015,137,363,0.377
High,Central,BET,2016,2016,121,357,0.339
High,Central,BET,2017,2017,116,357,0.325
High,Central,BET,2018,2018,125,365,0.342
High,Central,BET,2019,2019,107,338,0.317
High,Central,CLC,2010,2010,119,358,0.332
High,Central,CLC,2011,2011,126,363,0.347
High,Central,CLC,2012,2012,146,364,0.401
High,Central,CLC,2013,2013,130,360,0.361
High,Central,CLC,2014,2014,141,364,0.387
High,Central,CLC,2015,2015,152,361,0.421
High,Central,CLC,2016,2016,151,364,0.415
High,Central,CLC,2017,2017,113,364,0.31
High,Central,CLC,2018,2018,119,361,0.33
High,Central,CLC,2019,2019,123,342,0.36
High,Central,DSJ,2011,2011,112,363,0.309
High,Central,DSJ,2012,2012,105,355,0.296
High,Central,DSJ,2013,2013,113,349,0.324
High,Central,DSJ,2014,2014,138,365,0.378
High,Central,DSJ,2015,2015,134,359,0.373
High,Central,DSJ,2016,2016,126,365,0.345
High,Central,DSJ,2017,2017,110,357,0.308
High,Central,DSJ,2018,2018,115,363,0.317
High,Central,DSJ,2019,2019,122,363,0.336
High,Central,FRP,2010,2010,117,363,0.322
High,Central,FRP,2011,2011,113,363,0.311
High,Central,FRP,2012,2012,118,355,0.332
High,Central,FRP,2013,2013,129,357,0.361
High,Central,FRP,2014,2014,139,365,0.381
High,Central,FRP,2015,2015,142,355,0.4
High,Central,FRP,2016,2016,138,364,0.379
High,Central,FRP,2017,2017,124,365,0.34
High,Central,FRP,2018,2018,123,364,0.338
High,Central,FRP,2019,2019,119,357,0.333
High,Central,HLL,2010,2010,115,365,0.315
High,Central,HLL,2011,2011,113,363,0.311
High,Central,HLL,2012,2012,115,363,0.317
High,Central,HLL,2013,2013,129,361,0.357
High,Central,HLL,2014,2014,141,362,0.39
High,Central,HLL,2015,2015,145,363,0.399
High,Central,HLL,2016,2016,140,356,0.393
High,Central,HLL,2017,2017,114,363,0.314
High,Central,HLL,2018,2018,125,344,0.363
High,Central,HLL,2019,2019,123,362,0.34
High,Central,HLT,2010,2010,117,355,0.33
High,Central,HLT,2011,2011,110,355,0.31
High,Central,HLT,2012,2012,128,360,0.356
High,Central,HLT,2013,2013,131,360,0.364
High,Central,HLT,2014,2014,134,365,0.367
High,Central,HLT,2015,2015,137,355,0.386
High,Central,HLT,2016,2016,141,364,0.387
High,Central,HLT,2017,2017,106,360,0.294
High,Central,HLT,2018,2018,116,345,0.336
High,Central,HLT,2019,2019,114,337,0.338
High,Central,HOL,2010,2010,115,365,0.315
High,Central,HOL,2011,2011,113,358,0.316
High,Central,HOL,2012,2012,112,360,0.311
High,Central,HOL,2013,2013,127,360,0.353
High,Central,HOL,2014,2014,141,365,0.386
High,Central,HOL,2015,2015,136,357,0.381
High,Central,HOL,2016,2016,138,362,0.381
High,Central,HOL,2017,2017,115,361,0.319
High,Central,HOL,2018,2018,123,350,0.351
High,Central,HOL,2019,2019,121,354,0.342
High,Central,MDM,2011,2011,119,358,0.332
High,Central,MDM,2012,2012,141,357,0.395
High,Central,MDM,2013,2013,135,358,0.377
High,Central,MDM,2014,2014,139,364,0.382
High,Central,MDM,2015,2015,139,346,0.402
High,Central,MDM,2016,2016,176,364,0.484
High,Central,MDM,2017,2017,110,364,0.302
High,Central,MDM,2018,2018,119,333,0.357
High,Central,MDM,2019,2019,128,355,0.361
High,Central,MTB,2010,2010,116,363,0.32
High,Central,MTB,2011,2011,110,361,0.305
High,Central,MTB,2012,2012,141,362,0.39
High,Central,MTB,2013,2013,139,353,0.394
High,Central,MTB,2014,2014,135,360,0.375
High,Central,MTB,2015,2015,145,363,0.399
High,Central,MTB,2016,2016,145,364,0.398
High,Central,MTB,2017,2017,97,360,0.269
High,Central,MTB,2018,2018,121,365,0.332
High,Central,MTB,2019,2019,114,346,0.329
High,Central,MUP,2011,2011,122,361,0.338
High,Central,MUP,2012,2012,140,362,0.387
High,Central,MUP,2013,2013,142,360,0.394
High,Central,MUP,2014,2014,136,362,0.376
High,Central,MUP,2015,2015,143,358,0.399
High,Central,MUP,2016,2016,148,359,0.412
High,Central,MUP,2017,2017,103,357,0.289
High,Central,MUP,2018,2018,75,315,0.238
High,Central,OBI,2010,2010,118,362,0.326
High,Central,OBI,2011,2011,111,356,0.312
High,Central,OBI,2012,2012,125,361,0.346
High,Central,OBI,2013,2013,127,350,0.363
High,Central,OBI,2014,2014,136,358,0.38
High,Central,OBI,2015,2015,135,346,0.39
High,Central,OBI,2016,2016,141,362,0.39
High,Central,OBI,2017,2017,95,349,0.272
High,Central,OBI,2018,2018,130,352,0.369
High,Central,OBI,2019,2019,119,337,0.353
High,Central,OH4,2011,2011,112,360,0.311
High,Central,OH4,2012,2012,138,364,0.379
High,Central,OH4,2013,2013,134,353,0.38
High,Central,OH4,2014,2014,133,361,0.368
High,Central,OH4,2015,2015,141,355,0.397
High,Central,OH4,2016,2016,152,363,0.419
High,Central,OH4,2017,2017,109,363,0.3
High,Central,OH4,2018,2018,131,357,0.367
High,Central,OH4,2019,2019,116,344,0.337
High,Central,ORI,2012,2012,141,362,0.39
High,Central,ORI,2013,2013,123,360,0.342
High,Central,ORI,2014,2014,136,358,0.38
High,Central,ORI,2015,2015,141,352,0.401
High,Central,ORI,2016,2016,148,361,0.41
High,Central,ORI,2017,2017,103,347,0.297
High,Central,ORI,2018,2018,113,356,0.317
High,Central,ORI,2019,2019,107,343,0.312
High,Central,ORQ,2010,2010,106,360,0.294
High,Central,ORQ,2011,2011,110,362,0.304
High,Central,ORQ,2012,2012,103,357,0.289
High,Central,ORQ,2013,2013,123,360,0.342
High,Central,ORQ,2014,2014,135,361,0.374
High,Central,ORQ,2015,2015,139,357,0.389
High,Central,ORQ,2016,2016,130,360,0.361
High,Central,ORQ,2017,2017,109,363,0.3
High,Central,ORQ,2018,2018,111,356,0.312
High,Central,ORQ,2019,2019,115,350,0.329
High,Central,RRI,2010,2010,114,360,0.317
High,Central,RRI,2011,2011,120,362,0.331
High,Central,RRI,2012,2012,135,365,0.37
High,Central,RRI,2013,2013,145,360,0.403
High,Central,RRI,2014,2014,137,365,0.375
High,Central,RRI,2015,2015,174,361,0.482
High,Central,RRI,2016,2016,153,360,0.425
High,Central,RRI,2017,2017,108,360,0.3
High,Central,RRI,2018,2018,118,360,0.328
High,Central,RRI,2019,2019,120,360,0.333
High,Central,TRN,2010,2010,114,330,0.345
High,Central,TRN,2011,2011,115,363,0.317
High,Central,TRN,2012,2012,125,358,0.349
High,Central,TRN,2013,2013,138,362,0.381
High,Central,TRN,2014,2014,131,365,0.359
High,Central,TRN,2015,2015,152,360,0.422
High,Central,TRN,2016,2016,145,343,0.423
High,Central,TRN,2017,2017,104,348,0.299
High,Central,TRN,2018,2018,107,339,0.316
High,Central,TRN,2019,2019,111,316,0.351
High,Central,VCU,2010,2010,115,360,0.319
High,Central,VCU,2011,2011,122,347,0.352
High,Central,VCU,2012,2012,138,364,0.379
High,Central,VCU,2013,2013,134,359,0.373
High,Central,VCU,2014,2014,129,357,0.361
High,Central,VCU,2015,2015,138,360,0.383
High,Central,VCU,2016,2016,142,355,0.4
High,Central,VCU,2017,2017,104,354,0.294
High,Central,VCU,2018,2018,105,342,0.307
High,Central,VCU,2019,2019,118,355,0.332
High,Central,VIC,2010,2010,116,360,0.322
High,Central,VIC,2011,2011,122,363,0.336
High,Central,VIC,2012,2012,143,361,0.396
High,Central,VIC,2013,2013,141,359,0.393
High,Central,VIC,2014,2014,137,365,0.375
High,Central,VIC,2015,2015,148,363,0.408
High,Central,VIC,2016,2016,152,364,0.418
High,Central,VIC,2017,2017,101,363,0.278
High,Central,VIC,2018,2018,125,362,0.345
High,Central,VIC,2019,2019,124,362,0.343
High,Confluence,ANC,2010,2010,55,350,0.157
High,Confluence,ANC,2011,2011,98,363,0.27
High,Confluence,ANC,2012,2012,75,364,0.206
High,Confluence,ANC,2013,2013,77,349,0.221
High,Confluence,ANC,2014,2014,122,363,0.336
High,Confluence,ANC,2015,2015,122,357,0.342
High,Confluence,ANC,2016,2016,88,365,0.241
High,Confluence,ANC,2017,2017,95,359,0.265
High,Confluence,ANH,2010,2010,54,363,0.149
High,Confluence,ANH,2011,2011,99,363,0.273
High,Confluence,ANH,2012,2012,77,366,0.21
High,Confluence,ANH,2013,2013,73,365,0.2
High,Confluence,ANH,2014,2014,113,358,0.316
High,Confluence,ANH,2015,2015,121,362,0.334
High,Confluence,ANH,2016,2016,87,363,0.24
High,Confluence,ANH,2017,2017,96,360,0.267
High,Confluence,ANH,2018,2018,78,362,0.215
High,Confluence,ANH,2019,2019,114,362,0.315
High,Confluence,BLP,2011,2011,109,353,0.309
High,Confluence,BLP,2012,2012,122,364,0.335
High,Confluence,BLP,2013,2013,91,339,0.268
High,Confluence,BLP,2014,2014,123,363,0.339
High,Confluence,BLP,2015,2015,114,338,0.337
High,Confluence,BLP,2016,2016,94,355,0.265
High,Confluence,BLP,2017,2017,93,355,0.262
High,Confluence,BLP,2018,2018,88,363,0.242
High,Confluence,BLP,2019,2019,112,365,0.307
High,Confluence,EMM,2010,2010,48,358,0.134
High,Confluence,EMM,2011,2011,78,360,0.217
High,Confluence,EMM,2012,2012,81,352,0.23
High,Confluence,EMM,2013,2013,100,363,0.275
High,Confluence,EMM,2014,2014,126,365,0.345
High,Confluence,EMM,2015,2015,124,363,0.342
High,Confluence,EMM,2016,2016,97,364,0.266
High,Confluence,EMM,2017,2017,88,362,0.243
High,Confluence,EMM,2018,2018,90,358,0.251
High,Confluence,EMM,2019,2019,91,365,0.249
High,Confluence,FAL,2010,2010,65,356,0.183
High,Confluence,FAL,2011,2011,103,362,0.285
High,Confluence,FAL,2012,2012,87,363,0.24
High,Confluence,FAL,2013,2013,89,359,0.248
High,Confluence,FAL,2014,2014,113,349,0.324
High,Confluence,FAL,2015,2015,125,361,0.346
High,Confluence,FAL,2016,2016,112,361,0.31
High,Confluence,FAL,2017,2017,95,365,0.26
High,Confluence,FAL,2018,2018,85,343,0.248
High,Confluence,FAL,2019,2019,109,349,0.312
High,Confluence,JER,2010,2010,59,361,0.163
High,Confluence,JER,2011,2011,102,362,0.282
High,Confluence,JER,2012,2012,87,361,0.241
High,Confluence,JER,2013,2013,98,365,0.268
High,Confluence,JER,2014,2014,130,365,0.356
High,Confluence,JER,2015,2015,127,363,0.35
High,Confluence,JER,2016,2016,105,364,0.288
High,Confluence,JER,2017,2017,95,365,0.26
High,Confluence,JER,2018,2018,99,362,0.273
High,Confluence,JER,2019,2019,110,363,0.303
High,Confluence,LPS,2011,2011,91,363,0.251
High,Confluence,LPS,2012,2012,101,365,0.277
High,Confluence,LPS,2013,2013,117,363,0.322
High,Confluence,LPS,2014,2014,134,365,0.367
High,Confluence,LPS,2015,2015,136,362,0.376
High,Confluence,LPS,2016,2016,127,362,0.351
High,Confluence,LPS,2017,2017,93,357,0.261
High,Confluence,LPS,2018,2018,107,359,0.298
High,Confluence,LPS,2019,2019,80,353,0.227
High,Confluence,MOK,2010,2010,81,365,0.222
High,Confluence,MOK,2011,2011,79,365,0.216
High,Confluence,MOK,2012,2012,91,364,0.25
High,Confluence,MOK,2013,2013,110,347,0.317
High,Confluence,MOK,2014,2014,130,356,0.365
High,Confluence,MOK,2016,2016,111,350,0.317
High,Confluence,MOK,2017,2017,93,363,0.256
High,Confluence,MOK,2018,2018,104,344,0.302
High,Confluence,MOK,2019,2019,87,341,0.255
High,Confluence,OSJ,2010,2010,100,363,0.275
High,Confluence,OSJ,2011,2011,108,363,0.298
High,Confluence,OSJ,2012,2012,101,366,0.276
High,Confluence,OSJ,2014,2014,133,362,0.367
High,Confluence,OSJ,2015,2015,124,349,0.355
High,Confluence,OSJ,2016,2016,130,361,0.36
High,Confluence,OSJ,2017,2017,105,362,0.29
High,Confluence,OSJ,2018,2018,103,349,0.295
High,Confluence,OSJ,2019,2019,100,334,0.299
High,Confluence,PPT,2010,2010,107,363,0.295
High,Confluence,PPT,2011,2011,109,363,0.3
High,Confluence,PPT,2012,2012,116,363,0.32
High,Confluence,PPT,2013,2013,125,362,0.345
High,Confluence,PPT,2014,2014,133,365,0.364
High,Confluence,PPT,2015,2015,131,360,0.364
High,Confluence,PPT,2016,2016,132,362,0.365
High,Confluence,PPT,2017,2017,93,361,0.258
High,Confluence,PPT,2018,2018,117,362,0.323
High,Confluence,PPT,2019,2019,114,361,0.316
High,Confluence,PRI,2010,2010,100,361,0.277
High,Confluence,PRI,2011,2011,106,363,0.292
High,Confluence,PRI,2012,2012,103,366,0.281
High,Confluence,PRI,2013,2013,121,359,0.337
High,Confluence,PRI,2014,2014,127,324,0.392
High,Confluence,PRI,2015,2015,125,352,0.355
High,Confluence,PRI,2016,2016,131,349,0.375
High,Confluence,PRI,2017,2017,85,351,0.242
High,Confluence,PRI,2018,2018,105,352,0.298
High,Confluence,PRI,2019,2019,103,351,0.293
High,Confluence,RIV,2010,2010,49,364,0.135
High,Confluence,RIV,2011,2011,58,363,0.16
High,Confluence,RIV,2012,2012,72,329,0.219
High,Confluence,RIV,2013,2013,111,363,0.306
High,Confluence,RIV,2014,2014,131,364,0.36
High,Confluence,RIV,2015,2015,127,357,0.356
High,Confluence,RIV,2016,2016,99,366,0.27
High,Confluence,RIV,2017,2017,89,361,0.247
High,Confluence,RIV,2018,2018,92,364,0.253
High,Confluence,RIV,2019,2019,80,364,0.22
High,Confluence,RVB,2010,2010,56,363,0.154
High,Confluence,RVB,2011,2011,64,364,0.176
High,Confluence,RVB,2012,2012,69,366,0.189
High,Confluence,RVB,2013,2013,103,363,0.284
High,Confluence,RVB,2014,2014,133,365,0.364
High,Confluence,RVB,2015,2015,128,362,0.354
High,Confluence,RVB,2016,2016,96,364,0.264
High,Confluence,RVB,2017,2017,85,360,0.236
High,Confluence,RVB,2018,2018,94,362,0.26
High,Confluence,RVB,2019,2019,81,363,0.223
High,Confluence,SAL,2010,2010,85,365,0.233
High,Confluence,SAL,2011,2011,101,363,0.278
High,Confluence,SAL,2012,2012,103,360,0.286
High,Confluence,SAL,2013,2013,124,361,0.343
High,Confluence,SAL,2014,2014,138,365,0.378
High,Confluence,SAL,2015,2015,136,361,0.377
High,Confluence,SAL,2016,2016,125,364,0.343
High,Confluence,SAL,2017,2017,82,352,0.233
High,Confluence,SAL,2018,2018,66,278,0.237
High,Confluence,SAL,2019,2019,104,331,0.314
High,Confluence,SDI,2011,2011,67,362,0.185
High,Confluence,SDI,2012,2012,71,360,0.197
High,Confluence,SDI,2013,2013,97,363,0.267
High,Confluence,SDI,2014,2014,123,363,0.339
High,Confluence,SDI,2015,2015,123,355,0.346
High,Confluence,SDI,2016,2016,87,366,0.238
High,Confluence,SDI,2018,2018,81,346,0.234
High,Confluence,SDI,2019,2019,72,340,0.212
High,Confluence,SRV,2011,2011,69,362,0.191
High,Confluence,SRV,2012,2012,71,366,0.194
High,Confluence,SRV,2013,2013,110,365,0.301
High,Confluence,SRV,2014,2014,131,363,0.361
High,Confluence,SRV,2015,2015,126,361,0.349
High,Confluence,SRV,2016,2016,98,365,0.268
High,Confluence,SRV,2017,2017,89,364,0.245
High,Confluence,SRV,2018,2018,92,360,0.256
High,Confluence,SRV,2019,2019,73,350,0.209
High,Confluence,STI,2010,2010,86,365,0.236
High,Confluence,STI,2011,2011,88,361,0.244
High,Confluence,STI,2012,2012,99,361,0.274
High,Confluence,STI,2013,2013,121,361,0.335
High,Confluence,STI,2014,2014,135,363,0.372
High,Confluence,STI,2015,2015,140,363,0.386
High,Confluence,STI,2016,2016,124,364,0.341
High,Confluence,STI,2017,2017,93,353,0.263
High,Confluence,STI,2018,2018,109,365,0.299
High,Confluence,STI,2019,2019,92,358,0.257
High,Confluence,TMS,2010,2010,62,365,0.17
High,Confluence,TMS,2011,2011,96,359,0.267
High,Confluence,TMS,2012,2012,89,353,0.252
High,Confluence,TMS,2013,2013,105,323,0.325
High,Confluence,TMS,2014,2014,110,359,0.306
High,Confluence,TMS,2015,2015,116,365,0.318
High,Confluence,TMS,2016,2016,101,364,0.277
High,Confluence,TMS,2017,2017,88,359,0.245
High,Confluence,TMS,2018,2018,102,365,0.279
High,Confluence,TMS,2019,2019,109,352,0.31
High,Confluence,TSL,2010,2010,68,365,0.186
High,Confluence,TSL,2011,2011,98,363,0.27
High,Confluence,TSL,2012,2012,84,353,0.238
High,Confluence,TSL,2013,2013,100,362,0.276
High,Confluence,TSL,2014,2014,126,363,0.347
High,Confluence,TSL,2015,2015,125,360,0.347
High,Confluence,TSL,2016,2016,104,360,0.289
High,Confluence,TSL,2017,2017,94,365,0.258
High,Confluence,TSL,2018,2018,98,363,0.27
High,Confluence,TSL,2019,2019,105,360,0.292
High,North Delta,BKS,2010,2010,74,349,0.212
High,North Delta,BKS,2011,2011,110,359,0.306
High,North Delta,BKS,2012,2012,86,346,0.249
High,North Delta,BKS,2013,2013,94,341,0.276
High,North Delta,BKS,2014,2014,129,361,0.357
High,North Delta,BKS,2015,2015,111,354,0.314
High,North Delta,BKS,2016,2016,67,281,0.238
High,North Delta,BKS,2017,2017,101,326,0.31
High,North Delta,BKS,2018,2018,69,316,0.218
High,North Delta,BKS,2019,2019,97,345,0.281
High,North Delta,DLC,2011,2011,69,364,0.19
High,North Delta,DLC,2012,2012,74,364,0.203
High,North Delta,DLC,2013,2013,135,362,0.373
High,North Delta,DLC,2014,2014,147,365,0.403
High,North Delta,DLC,2015,2015,146,360,0.406
High,North Delta,DLC,2016,2016,104,364,0.286
High,North Delta,DLC,2017,2017,89,359,0.248
High,North Delta,DLC,2018,2018,90,357,0.252
High,North Delta,DLC,2019,2019,77,326,0.236
High,North Delta,DWS,2012,2012,94,364,0.258
High,North Delta,DWS,2013,2013,117,361,0.324
High,North Delta,DWS,2014,2014,134,364,0.368
High,North Delta,DWS,2015,2015,124,351,0.353
High,North Delta,DWS,2016,2016,106,366,0.29
High,North Delta,DWS,2017,2017,97,360,0.269
High,North Delta,DWS,2018,2018,103,359,0.287
High,North Delta,DWS,2019,2019,106,335,0.316
High,North Delta,GES,2011,2011,51,364,0.14
High,North Delta,GES,2012,2012,59,365,0.162
High,North Delta,GES,2013,2013,112,362,0.309
High,North Delta,GES,2014,2014,149,362,0.412
High,North Delta,GES,2015,2015,132,355,0.372
High,North Delta,GES,2016,2016,90,366,0.246
High,North Delta,GES,2017,2017,80,358,0.223
High,North Delta,GES,2018,2018,84,354,0.237
High,North Delta,GES,2019,2019,67,351,0.191
High,North Delta,GSS,2011,2011,45,364,0.124
High,North Delta,GSS,2012,2012,51,359,0.142
High,North Delta,GSS,2013,2013,110,362,0.304
High,North Delta,GSS,2014,2014,146,364,0.401
High,North Delta,GSS,2015,2015,133,360,0.369
High,North Delta,GSS,2016,2016,85,365,0.233
High,North Delta,GSS,2017,2017,81,359,0.226
High,North Delta,GSS,2018,2018,88,358,0.246
High,North Delta,GSS,2019,2019,61,359,0.17
High,North Delta,HWB,2011,2011,50,365,0.137
High,North Delta,HWB,2012,2012,51,366,0.139
High,North Delta,HWB,2013,2013,119,365,0.326
High,North Delta,HWB,2014,2014,145,363,0.399
High,North Delta,HWB,2015,2015,138,360,0.383
High,North Delta,HWB,2016,2016,92,365,0.252
High,North Delta,HWB,2017,2017,81,361,0.224
High,North Delta,HWB,2018,2018,90,358,0.251
High,North Delta,HWB,2019,2019,66,347,0.19
High,North Delta,LIS,2012,2012,156,362,0.431
High,North Delta,LIS,2013,2013,140,356,0.393
High,North Delta,LIS,2014,2014,145,361,0.402
High,North Delta,LIS,2015,2015,104,358,0.291
High,North Delta,LIS,2016,2016,141,364,0.387
High,North Delta,LIS,2017,2017,128,359,0.357
High,North Delta,LIS,2018,2018,121,339,0.357
High,North Delta,LIS,2019,2019,129,318,0.406
High,North Delta,SRH,2010,2010,52,364,0.143
High,North Delta,SRH,2011,2011,40,358,0.112
High,North Delta,SRH,2012,2012,53,365,0.145
High,North Delta,SRH,2013,2013,112,364,0.308
High,North Delta,SRH,2014,2014,149,365,0.408
High,North Delta,SRH,2015,2015,140,363,0.386
High,North Delta,SRH,2016,2016,75,365,0.205
High,North Delta,SRH,2017,2017,80,363,0.22
High,North Delta,SRH,2018,2018,80,361,0.222
High,North Delta,SRH,2019,2019,72,363,0.198
High,South,BDT,2010,2010,101,365,0.277
High,South,BDT,2011,2011,13,363,0.036
High,South,BDT,2012,2012,107,366,0.292
High,South,BDT,2013,2013,122,363,0.336
High,South,BDT,2014,2014,136,365,0.373
High,South,BDT,2015,2015,155,362,0.428
High,South,BDT,2016,2016,145,364,0.398
High,South,BDT,2017,2017,41,363,0.113
High,South,BDT,2018,2018,114,365,0.312
High,South,BDT,2019,2019,90,363,0.248
High,South,DGL,2010,2010,104,365,0.285
High,South,DGL,2011,2011,23,335,0.069
High,South,DGL,2012,2012,115,357,0.322
High,South,DGL,2013,2013,123,343,0.359
High,South,DGL,2014,2014,139,363,0.383
High,South,DGL,2015,2015,142,355,0.4
High,South,DGL,2016,2016,148,364,0.407
High,South,DGL,2017,2017,44,354,0.124
High,South,DGL,2018,2018,103,359,0.287
High,South,DGL,2019,2019,92,349,0.264
High,South,GCT,2010,2010,101,361,0.28
High,South,GCT,2011,2011,29,361,0.08
High,South,GCT,2012,2012,121,349,0.347
High,South,GCT,2013,2013,122,362,0.337
High,South,GCT,2014,2014,140,357,0.392
High,South,GCT,2015,2015,138,354,0.39
High,South,GCT,2016,2016,138,348,0.397
High,South,GCT,2017,2017,40,343,0.117
High,South,GCT,2018,2018,51,294,0.173
High,South,GLC,2010,2010,112,360,0.311
High,South,GLC,2011,2011,98,363,0.27
High,South,GLC,2012,2012,135,364,0.371
High,South,GLC,2013,2013,116,351,0.33
High,South,GLC,2014,2014,130,346,0.376
High,South,GLC,2015,2015,139,356,0.39
High,South,GLC,2016,2016,147,362,0.406
High,South,GLC,2017,2017,87,354,0.246
High,South,GLC,2018,2018,114,351,0.325
High,South,GLC,2019,2019,107,343,0.312
High,South,MHO,2011,2011,95,323,0.294
High,South,MHO,2012,2012,143,364,0.393
High,South,MHO,2013,2013,154,354,0.435
High,South,MHO,2014,2014,154,362,0.425
High,South,MHO,2015,2015,135,360,0.375
High,South,MHO,2016,2016,156,361,0.432
High,South,MHO,2017,2017,94,362,0.26
High,South,MHO,2018,2018,105,352,0.298
High,South,MHO,2019,2019,118,357,0.331
High,South,MSD,2010,2010,102,364,0.28
High,South,MSD,2011,2011,29,363,0.08
High,South,MSD,2012,2012,113,366,0.309
High,South,MSD,2013,2013,124,363,0.342
High,South,MSD,2014,2014,138,359,0.384
High,South,MSD,2015,2015,155,362,0.428
High,South,MSD,2016,2016,141,363,0.388
High,South,MSD,2017,2017,25,361,0.069
High,South,MSD,2018,2018,108,362,0.298
High,South,MSD,2019,2019,81,361,0.224
High,South,ODM,2011,2011,99,352,0.281
High,South,ODM,2012,2012,127,354,0.359
High,South,ODM,2013,2013,121,352,0.344
High,South,ODM,2014,2014,134,365,0.367
High,South,ODM,2015,2015,140,361,0.388
High,South,ODM,2016,2016,129,351,0.368
High,South,ODM,2017,2017,102,363,0.281
High,South,ODM,2018,2018,106,337,0.315
High,South,ODM,2019,2019,112,342,0.327
High,South,OLD,2010,2010,113,364,0.31
High,South,OLD,2011,2011,90,363,0.248
High,South,OLD,2012,2012,138,363,0.38
High,South,OLD,2013,2013,125,362,0.345
High,South,OLD,2014,2014,150,365,0.411
High,South,OLD,2015,2015,137,360,0.381
High,South,OLD,2016,2016,145,365,0.397
High,South,OLD,2017,2017,93,363,0.256
High,South,OLD,2018,2018,110,360,0.306
High,South,OLD,2019,2019,122,363,0.336
High,South,SJG,2011,2011,49,363,0.135
High,South,SJG,2012,2012,124,366,0.339
High,South,SJG,2013,2013,129,363,0.355
High,South,SJG,2014,2014,133,365,0.364
High,South,SJG,2015,2015,157,358,0.439
High,South,SJG,2016,2016,146,363,0.402
High,South,SJG,2017,2017,84,363,0.231
High,South,SJG,2018,2018,108,351,0.308
High,South,SJG,2019,2019,94,350,0.269
High,South,SJL,2010,2010,97,365,0.266
High,South,SJL,2011,2011,23,363,0.063
High,South,SJL,2012,2012,112,366,0.306
High,South,SJL,2013,2013,120,361,0.332
High,South,SJL,2014,2014,133,346,0.384
High,South,SJL,2015,2015,152,354,0.429
High,South,SJL,2016,2016,142,349,0.407
High,South,SJL,2017,2017,29,360,0.081
High,South,SJL,2018,2018,112,364,0.308
High,South,SJL,2019,2019,67,356,0.188
High,South,SJR,2010,2010,89,365,0.244
High,South,SJR,2011,2011,6,363,0.017
High,South,SJR,2012,2012,111,366,0.303
High,South,SJR,2013,2013,127,363,0.35
High,South,SJR,2014,2014,138,364,0.379
High,South,SJR,2015,2015,166,363,0.457
High,South,SJR,2016,2016,143,362,0.395
High,South,SJR,2017,2017,9,359,0.025
High,South,SJR,2018,2018,110,365,0.301
High,South,SJR,2019,2019,39,361,0.108
High,South,UNI,2010,2010,97,357,0.272
High,South,UNI,2011,2011,25,356,0.07
High,South,UNI,2012,2012,118,363,0.325
High,South,UNI,2013,2013,123,357,0.345
High,South,UNI,2014,2014,139,365,0.381
High,South,UNI,2015,2015,148,356,0.416
High,South,UNI,2016,2016,146,364,0.401
High,South,UNI,2017,2017,34,363,0.094
High,South,UNI,2018,2018,111,363,0.306
High,South,UNI,2019,2019,89,363,0.245
High,Suisun Bay,CLL,2010,2010,23,365,0.063
High,Suisun Bay,CLL,2011,2011,60,365,0.164
High,Suisun Bay,CLL,2012,2012,51,362,0.141
High,Suisun Bay,CLL,2013,2013,67,357,0.188
High,Suisun Bay,CLL,2014,2014,109,365,0.299
High,Suisun Bay,CLL,2015,2015,118,362,0.326
High,Suisun Bay,CLL,2016,2016,78,366,0.213
High,Suisun Bay,CLL,2017,2017,91,365,0.249
High,Suisun Bay,CLL,2018,2018,72,360,0.2
High,Suisun Bay,CLL,2019,2019,88,358,0.246
High,Suisun Bay,CSE,2010,2010,37,365,0.101
High,Suisun Bay,CSE,2011,2011,83,361,0.23
High,Suisun Bay,CSE,2012,2012,74,365,0.203
High,Suisun Bay,CSE,2013,2013,67,364,0.184
High,Suisun Bay,CSE,2014,2014,93,361,0.258
High,Suisun Bay,CSE,2015,2015,114,363,0.314
High,Suisun Bay,CSE,2016,2016,73,363,0.201
High,Suisun Bay,CSE,2017,2017,90,361,0.249
High,Suisun Bay,CSE,2018,2018,71,362,0.196
High,Suisun Bay,CSE,2019,2019,99,362,0.273
High,Suisun Bay,MAL,2010,2010,12,365,0.033
High,Suisun Bay,MAL,2011,2011,53,365,0.145
High,Suisun Bay,MAL,2012,2012,34,366,0.093
High,Suisun Bay,MAL,2013,2013,48,363,0.132
High,Suisun Bay,MAL,2014,2014,86,364,0.236
High,Suisun Bay,MAL,2015,2015,106,362,0.293
High,Suisun Bay,MAL,2016,2016,63,364,0.173
High,Suisun Bay,MAL,2017,2017,90,362,0.249
High,Suisun Bay,MAL,2018,2018,69,363,0.19
High,Suisun Bay,MAL,2019,2019,97,359,0.27
High,Suisun Bay,MRZ,2010,2010,31,362,0.086
High,Suisun Bay,MRZ,2011,2011,49,355,0.138
High,Suisun Bay,MRZ,2012,2012,41,366,0.112
High,Suisun Bay,MRZ,2013,2013,59,365,0.162
High,Suisun Bay,MRZ,2014,2014,76,346,0.22
High,Suisun Bay,MRZ,2015,2015,97,362,0.268
High,Suisun Bay,MRZ,2016,2016,56,364,0.154
High,Suisun Bay,MRZ,2017,2017,93,362,0.257
High,Suisun Bay,MRZ,2018,2018,57,362,0.157
High,Suisun Bay,MRZ,2019,2019,110,363,0.303
High,Suisun Bay,MSL,2010,2010,28,365,0.077
High,Suisun Bay,MSL,2011,2011,58,364,0.159
High,Suisun Bay,MSL,2012,2012,52,366,0.142
High,Suisun Bay,MSL,2013,2013,59,365,0.162
High,Suisun Bay,MSL,2014,2014,106,363,0.292
High,Suisun Bay,MSL,2015,2015,108,351,0.308
High,Suisun Bay,MSL,2016,2016,74,364,0.203
High,Suisun Bay,MSL,2017,2017,93,363,0.256
High,Suisun Bay,MSL,2018,2018,75,362,0.207
High,Suisun Bay,MSL,2019,2019,102,357,0.286
High,Suisun Bay,PCT,2010,2010,21,365,0.058
High,Suisun Bay,PCT,2011,2011,56,355,0.158
High,Suisun Bay,PCT,2012,2012,38,363,0.105
High,Suisun Bay,PCT,2013,2013,55,360,0.153
High,Suisun Bay,PCT,2014,2014,97,365,0.266
High,Suisun Bay,PCT,2015,2015,106,363,0.292
High,Suisun Bay,PCT,2016,2016,52,362,0.144
High,Suisun Bay,PCT,2017,2017,56,325,0.172
High,Suisun Bay,PCT,2018,2018,59,320,0.184
High,Suisun Bay,PCT,2019,2019,100,344,0.291
High,Suisun Bay,PTS,2010,2010,35,364,0.096
High,Suisun Bay,PTS,2011,2011,80,325,0.246
High,Suisun Bay,PTS,2012,2012,46,356,0.129
High,Suisun Bay,PTS,2013,2013,60,363,0.165
High,Suisun Bay,PTS,2014,2014,108,365,0.296
High,Suisun Bay,PTS,2015,2015,89,330,0.27
High,Suisun Bay,PTS,2016,2016,72,364,0.198
High,Suisun Bay,PTS,2017,2017,93,365,0.255
High,Suisun Bay,PTS,2018,2018,71,363,0.196
High,Suisun Bay,PTS,2019,2019,106,365,0.29
High,Suisun Marsh,BDL,2010,2010,62,365,0.17
High,Suisun Marsh,BDL,2011,2011,104,361,0.288
High,Suisun Marsh,BDL,2012,2012,79,364,0.217
High,Suisun Marsh,BDL,2013,2013,90,365,0.247
High,Suisun Marsh,BDL,2014,2014,114,363,0.314
High,Suisun Marsh,BDL,2015,2015,114,364,0.313
High,Suisun Marsh,BDL,2016,2016,96,365,0.263
High,Suisun Marsh,BDL,2017,2017,97,362,0.268
High,Suisun Marsh,BDL,2018,2018,79,361,0.219
High,Suisun Marsh,BDL,2019,2019,115,330,0.348
High,Suisun Marsh,BLL,2010,2010,96,360,0.267
High,Suisun Marsh,BLL,2011,2011,104,363,0.287
High,Suisun Marsh,BLL,2012,2012,118,363,0.325
High,Suisun Marsh,BLL,2013,2013,115,363,0.317
High,Suisun Marsh,BLL,2014,2014,142,363,0.391
High,Suisun Marsh,BLL,2015,2015,128,360,0.356
High,Suisun Marsh,BLL,2016,2016,122,365,0.334
High,Suisun Marsh,BLL,2017,2017,117,354,0.331
High,Suisun Marsh,BLL,2018,2018,93,355,0.262
High,Suisun Marsh,CYG,2011,2011,77,364,0.212
High,Suisun Marsh,CYG,2012,2012,58,366,0.158
High,Suisun Marsh,CYG,2013,2013,67,363,0.185
High,Suisun Marsh,CYG,2014,2014,121,363,0.333
High,Suisun Marsh,CYG,2015,2015,112,362,0.309
High,Suisun Marsh,CYG,2016,2016,81,364,0.223
High,Suisun Marsh,CYG,2017,2017,106,354,0.299
High,Suisun Marsh,CYG,2018,2018,80,362,0.221
High,Suisun Marsh,CYG,2019,2019,119,363,0.328
High,Suisun Marsh,GYS,2010,2010,99,359,0.276
High,Suisun Marsh,GYS,2011,2011,110,363,0.303
High,Suisun Marsh,GYS,2012,2012,90,342,0.263
High,Suisun Marsh,GYS,2013,2013,92,365,0.252
High,Suisun Marsh,GYS,2014,2014,131,359,0.365
High,Suisun Marsh,GYS,2015,2015,118,362,0.326
High,Suisun Marsh,GYS,2016,2016,85,341,0.249
High,Suisun Marsh,GYS,2017,2017,108,362,0.298
High,Suisun Marsh,GYS,2018,2018,82,339,0.242
High,Suisun Marsh,GYS,2019,2019,123,358,0.344
High,Suisun Marsh,HUN,2011,2011,70,364,0.192
High,Suisun Marsh,HUN,2012,2012,65,366,0.178
High,Suisun Marsh,HUN,2013,2013,78,365,0.214
High,Suisun Marsh,HUN,2014,2014,125,363,0.344
High,Suisun Marsh,HUN,2015,2015,114,362,0.315
High,Suisun Marsh,HUN,2016,2016,82,364,0.225
High,Suisun Marsh,HUN,2017,2017,94,362,0.26
High,Suisun Marsh,HUN,2018,2018,74,360,0.206
High,Suisun Marsh,HUN,2019,2019,114,364,0.313
High,Suisun Marsh,IBS,2010,2010,67,360,0.186
High,Suisun Marsh,IBS,2011,2011,103,362,0.285
High,Suisun Marsh,IBS,2012,2012,90,358,0.251
High,Suisun Marsh,IBS,2013,2013,105,360,0.292
High,Suisun Marsh,IBS,2014,2014,136,363,0.375
High,Suisun Marsh,IBS,2015,2015,119,362,0.329
High,Suisun Marsh,IBS,2016,2016,108,362,0.298
High,Suisun Marsh,IBS,2017,2017,113,360,0.314
High,Suisun Marsh,IBS,2018,2018,77,343,0.224
High,Suisun Marsh,IBS,2019,2019,120,354,0.339
High,Suisun Marsh,NSL,2010,2010,51,363,0.14
High,Suisun Marsh,NSL,2011,2011,20,361,0.055
High,Suisun Marsh,NSL,2012,2012,0,366,0
High,Suisun Marsh,NSL,2013,2013,77,365,0.211
High,Suisun Marsh,NSL,2014,2014,119,363,0.328
High,Suisun Marsh,NSL,2015,2015,105,346,0.303
High,Suisun Marsh,NSL,2016,2016,85,314,0.271
High,Suisun Marsh,NSL,2017,2017,92,362,0.254
High,Suisun Marsh,NSL,2018,2018,80,362,0.221
High,Suisun Marsh,NSL,2019,2019,109,363,0.3
High,Suisun Marsh,SNC,2010,2010,96,365,0.263
High,Suisun Marsh,SNC,2011,2011,106,363,0.292
High,Suisun Marsh,SNC,2012,2012,114,366,0.311
High,Suisun Marsh,SNC,2013,2013,124,360,0.344
High,Suisun Marsh,SNC,2014,2014,145,356,0.407
High,Suisun Marsh,SNC,2015,2015,133,363,0.366
High,Suisun Marsh,SNC,2016,2016,118,356,0.331
High,Suisun Marsh,SNC,2017,2017,114,359,0.318
High,Suisun Marsh,SNC,2018,2018,103,361,0.285
High,Suisun Marsh,SNC,2019,2019,123,360,0.342
High,Suisun Marsh,TEA,2011,2011,115,361,0.319
High,Suisun Marsh,TEA,2012,2012,106,366,0.29
High,Suisun Marsh,TEA,2013,2013,125,363,0.344
High,Suisun Marsh,TEA,2014,2014,147,363,0.405
High,Suisun Marsh,TEA,2015,2015,141,362,0.39
High,Suisun Marsh,TEA,2016,2016,137,363,0.377
High,Suisun Marsh,TEA,2017,2017,123,362,0.34
High,Suisun Marsh,TEA,2018,2018,108,360,0.3
High,Suisun Marsh,TEA,2019,2019,124,362,0.343
High,Suisun Marsh,VOL,2010,2010,119,364,0.327
High,Suisun Marsh,VOL,2011,2011,101,363,0.278
High,Suisun Marsh,VOL,2012,2012,93,366,0.254
High,Suisun Marsh,VOL,2013,2013,108,365,0.296
High,Suisun Marsh,VOL,2014,2014,131,363,0.361
High,Suisun Marsh,VOL,2015,2015,119,362,0.329
High,Suisun Marsh,VOL,2016,2016,95,364,0.261
High,Suisun Marsh,VOL,2017,2017,107,362,0.296
High,Suisun Marsh,VOL,2018,2018,83,362,0.229
High,Suisun Marsh,VOL,2019,2019,118,363,0.325
Low,Central,BAC,2010,2010,245,358,0.684
Low,Central,BAC,2011,2011,248,362,0.685
Low,Central,BAC,2012,2012,254,339,0.749
Low,Central,BAC,2013,2013,224,363,0.617
Low,Central,BAC,2014,2014,226,365,0.619
Low,Central,BAC,2015,2015,212,363,0.584
Low,Central,BAC,2016,2016,214,364,0.588
Low,Central,BAC,2017,2017,246,357,0.689
Low,Central,BAC,2018,2018,231,365,0.633
Low,Central,BAC,2019,2019,233,363,0.642
Low,Central,BET,2010,2010,260,364,0.714
Low,Central,BET,2011,2011,248,363,0.683
Low,Central,BET,2012,2012,255,362,0.704
Low,Central,BET,2013,2013,240,360,0.667
Low,Central,BET,2014,2014,228,365,0.625
Low,Central,BET,2015,2015,226,363,0.623
Low,Central,BET,2016,2016,236,357,0.661
Low,Central,BET,2017,2017,241,357,0.675
Low,Central,BET,2018,2018,240,365,0.658
Low,Central,BET,2019,2019,231,338,0.683
Low,Central,CLC,2010,2010,239,358,0.668
Low,Central,CLC,2011,2011,237,363,0.653
Low,Central,CLC,2012,2012,218,364,0.599
Low,Central,CLC,2013,2013,230,360,0.639
Low,Central,CLC,2014,2014,223,364,0.613
Low,Central,CLC,2015,2015,209,361,0.579
Low,Central,CLC,2016,2016,213,364,0.585
Low,Central,CLC,2017,2017,251,364,0.69
Low,Central,CLC,2018,2018,242,361,0.67
Low,Central,CLC,2019,2019,219,342,0.64
Low,Central,DSJ,2011,2011,251,363,0.691
Low,Central,DSJ,2012,2012,250,355,0.704
Low,Central,DSJ,2013,2013,236,349,0.676
Low,Central,DSJ,2014,2014,227,365,0.622
Low,Central,DSJ,2015,2015,225,359,0.627
Low,Central,DSJ,2016,2016,239,365,0.655
Low,Central,DSJ,2017,2017,247,357,0.692
Low,Central,DSJ,2018,2018,248,363,0.683
Low,Central,DSJ,2019,2019,241,363,0.664
Low,Central,FRP,2010,2010,246,363,0.678
Low,Central,FRP,2011,2011,250,363,0.689
Low,Central,FRP,2012,2012,237,355,0.668
Low,Central,FRP,2013,2013,228,357,0.639
Low,Central,FRP,2014,2014,226,365,0.619
Low,Central,FRP,2015,2015,213,355,0.6
Low,Central,FRP,2016,2016,226,364,0.621
Low,Central,FRP,2017,2017,241,365,0.66
Low,Central,FRP,2018,2018,241,364,0.662
Low,Central,FRP,2019,2019,238,357,0.667
Low,Central,HLL,2010,2010,250,365,0.685
Low,Central,HLL,2011,2011,250,363,0.689
Low,Central,HLL,2012,2012,248,363,0.683
Low,Central,HLL,2013,2013,232,361,0.643
Low,Central,HLL,2014,2014,221,362,0.61
Low,Central,HLL,2015,2015,218,363,0.601
Low,Central,HLL,2016,2016,216,356,0.607
Low,Central,HLL,2017,2017,249,363,0.686
Low,Central,HLL,2018,2018,219,344,0.637
Low,Central,HLL,2019,2019,239,362,0.66
Low,Central,HLT,2010,2010,238,355,0.67
Low,Central,HLT,2011,2011,245,355,0.69
Low,Central,HLT,2012,2012,232,360,0.644
Low,Central,HLT,2013,2013,229,360,0.636
Low,Central,HLT,2014,2014,231,365,0.633
Low,Central,HLT,2015,2015,218,355,0.614
Low,Central,HLT,2016,2016,223,364,0.613
Low,Central,HLT,2017,2017,254,360,0.706
Low,Central,HLT,2018,2018,229,345,0.664
Low,Central,HLT,2019,2019,223,337,0.662
Low,Central,HOL,2010,2010,250,365,0.685
Low,Central,HOL,2011,2011,245,358,0.684
Low,Central,HOL,2012,2012,248,360,0.689
Low,Central,HOL,2013,2013,233,360,0.647
Low,Central,HOL,2014,2014,224,365,0.614
Low,Central,HOL,2015,2015,221,357,0.619
Low,Central,HOL,2016,2016,224,362,0.619
Low,Central,HOL,2017,2017,246,361,0.681
Low,Central,HOL,2018,2018,227,350,0.649
Low,Central,HOL,2019,2019,233,354,0.658
Low,Central,MDM,2011,2011,239,358,0.668
Low,Central,MDM,2012,2012,216,357,0.605
Low,Central,MDM,2013,2013,223,358,0.623
Low,Central,MDM,2014,2014,225,364,0.618
Low,Central,MDM,2015,2015,207,346,0.598
Low,Central,MDM,2016,2016,188,364,0.516
Low,Central,MDM,2017,2017,254,364,0.698
Low,Central,MDM,2018,2018,214,333,0.643
Low,Central,MDM,2019,2019,227,355,0.639
Low,Central,MTB,2010,2010,247,363,0.68
Low,Central,MTB,2011,2011,251,361,0.695
Low,Central,MTB,2012,2012,221,362,0.61
Low,Central,MTB,2013,2013,214,353,0.606
Low,Central,MTB,2014,2014,225,360,0.625
Low,Central,MTB,2015,2015,218,363,0.601
Low,Central,MTB,2016,2016,219,364,0.602
Low,Central,MTB,2017,2017,263,360,0.731
Low,Central,MTB,2018,2018,244,365,0.668
Low,Central,MTB,2019,2019,232,346,0.671
Low,Central,MUP,2011,2011,239,361,0.662
Low,Central,MUP,2012,2012,222,362,0.613
Low,Central,MUP,2013,2013,218,360,0.606
Low,Central,MUP,2014,2014,226,362,0.624
Low,Central,MUP,2015,2015,215,358,0.601
Low,Central,MUP,2016,2016,211,359,0.588
Low,Central,MUP,2017,2017,254,357,0.711
Low,Central,MUP,2018,2018,240,315,0.762
Low,Central,OBI,2010,2010,244,362,0.674
Low,Central,OBI,2011,2011,245,356,0.688
Low,Central,OBI,2012,2012,236,361,0.654
Low,Central,OBI,2013,2013,223,350,0.637
Low,Central,OBI,2014,2014,222,358,0.62
Low,Central,OBI,2015,2015,211,346,0.61
Low,Central,OBI,2016,2016,221,362,0.61
Low,Central,OBI,2017,2017,254,349,0.728
Low,Central,OBI,2018,2018,222,352,0.631
Low,Central,OBI,2019,2019,218,337,0.647
Low,Central,OH4,2011,2011,248,360,0.689
Low,Central,OH4,2012,2012,226,364,0.621
Low,Central,OH4,2013,2013,219,353,0.62
Low,Central,OH4,2014,2014,228,361,0.632
Low,Central,OH4,2015,2015,214,355,0.603
Low,Central,OH4,2016,2016,211,363,0.581
Low,Central,OH4,2017,2017,254,363,0.7
Low,Central,OH4,2018,2018,226,357,0.633
Low,Central,OH4,2019,2019,228,344,0.663
Low,Central,ORI,2012,2012,221,362,0.61
Low,Central,ORI,2013,2013,237,360,0.658
Low,Central,ORI,2014,2014,222,358,0.62
Low,Central,ORI,2015,2015,211,352,0.599
Low,Central,ORI,2016,2016,213,361,0.59
Low,Central,ORI,2017,2017,244,347,0.703
Low,Central,ORI,2018,2018,243,356,0.683
Low,Central,ORI,2019,2019,236,343,0.688
Low,Central,ORQ,2010,2010,254,360,0.706
Low,Central,ORQ,2011,2011,252,362,0.696
Low,Central,ORQ,2012,2012,254,357,0.711
Low,Central,ORQ,2013,2013,237,360,0.658
Low,Central,ORQ,2014,2014,226,361,0.626
Low,Central,ORQ,2015,2015,218,357,0.611
Low,Central,ORQ,2016,2016,230,360,0.639
Low,Central,ORQ,2017,2017,254,363,0.7
Low,Central,ORQ,2018,2018,245,356,0.688
Low,Central,ORQ,2019,2019,235,350,0.671
Low,Central,RRI,2010,2010,246,360,0.683
Low,Central,RRI,2011,2011,242,362,0.669
Low,Central,RRI,2012,2012,230,365,0.63
Low,Central,RRI,2013,2013,215,360,0.597
Low,Central,RRI,2014,2014,228,365,0.625
Low,Central,RRI,2015,2015,187,361,0.518
Low,Central,RRI,2016,2016,207,360,0.575
Low,Central,RRI,2017,2017,252,360,0.7
Low,Central,RRI,2018,2018,242,360,0.672
Low,Central,RRI,2019,2019,240,360,0.667
Low,Central,TRN,2010,2010,216,330,0.655
Low,Central,TRN,2011,2011,248,363,0.683
Low,Central,TRN,2012,2012,233,358,0.651
Low,Central,TRN,2013,2013,224,362,0.619
Low,Central,TRN,2014,2014,234,365,0.641
Low,Central,TRN,2015,2015,208,360,0.578
Low,Central,TRN,2016,2016,198,343,0.577
Low,Central,TRN,2017,2017,244,348,0.701
Low,Central,TRN,2018,2018,232,339,0.684
Low,Central,TRN,2019,2019,205,316,0.649
Low,Central,VCU,2010,2010,245,360,0.681
Low,Central,VCU,2011,2011,225,347,0.648
Low,Central,VCU,2012,2012,226,364,0.621
Low,Central,VCU,2013,2013,225,359,0.627
Low,Central,VCU,2014,2014,228,357,0.639
Low,Central,VCU,2015,2015,222,360,0.617
Low,Central,VCU,2016,2016,213,355,0.6
Low,Central,VCU,2017,2017,250,354,0.706
Low,Central,VCU,2018,2018,237,342,0.693
Low,Central,VCU,2019,2019,237,355,0.668
Low,Central,VIC,2010,2010,244,360,0.678
Low,Central,VIC,2011,2011,241,363,0.664
Low,Central,VIC,2012,2012,218,361,0.604
Low,Central,VIC,2013,2013,218,359,0.607
Low,Central,VIC,2014,2014,228,365,0.625
Low,Central,VIC,2015,2015,215,363,0.592
Low,Central,VIC,2016,2016,212,364,0.582
Low,Central,VIC,2017,2017,262,363,0.722
Low,Central,VIC,2018,2018,237,362,0.655
Low,Central,VIC,2019,2019,238,362,0.657
Low,Confluence,ANC,2010,2010,295,350,0.843
Low,Confluence,ANC,2011,2011,265,363,0.73
Low,Confluence,ANC,2012,2012,289,364,0.794
Low,Confluence,ANC,2013,2013,272,349,0.779
Low,Confluence,ANC,2014,2014,241,363,0.664
Low,Confluence,ANC,2015,2015,235,357,0.658
Low,Confluence,ANC,2016,2016,277,365,0.759
Low,Confluence,ANC,2017,2017,264,359,0.735
Low,Confluence,ANH,2010,2010,309,363,0.851
Low,Confluence,ANH,2011,2011,264,363,0.727
Low,Confluence,ANH,2012,2012,289,366,0.79
Low,Confluence,ANH,2013,2013,292,365,0.8
Low,Confluence,ANH,2014,2014,245,358,0.684
Low,Confluence,ANH,2015,2015,241,362,0.666
Low,Confluence,ANH,2016,2016,276,363,0.76
Low,Confluence,ANH,2017,2017,264,360,0.733
Low,Confluence,ANH,2018,2018,284,362,0.785
Low,Confluence,ANH,2019,2019,248,362,0.685
Low,Confluence,BLP,2011,2011,244,353,0.691
Low,Confluence,BLP,2012,2012,242,364,0.665
Low,Confluence,BLP,2013,2013,248,339,0.732
Low,Confluence,BLP,2014,2014,240,363,0.661
Low,Confluence,BLP,2015,2015,224,338,0.663
Low,Confluence,BLP,2016,2016,261,355,0.735
Low,Confluence,BLP,2017,2017,262,355,0.738
Low,Confluence,BLP,2018,2018,275,363,0.758
Low,Confluence,BLP,2019,2019,253,365,0.693
Low,Confluence,EMM,2010,2010,310,358,0.866
Low,Confluence,EMM,2011,2011,282,360,0.783
Low,Confluence,EMM,2012,2012,271,352,0.77
Low,Confluence,EMM,2013,2013,263,363,0.725
Low,Confluence,EMM,2014,2014,239,365,0.655
Low,Confluence,EMM,2015,2015,239,363,0.658
Low,Confluence,EMM,2016,2016,267,364,0.734
Low,Confluence,EMM,2017,2017,274,362,0.757
Low,Confluence,EMM,2018,2018,268,358,0.749
Low,Confluence,EMM,2019,2019,274,365,0.751
Low,Confluence,FAL,2010,2010,291,356,0.817
Low,Confluence,FAL,2011,2011,259,362,0.715
Low,Confluence,FAL,2012,2012,276,363,0.76
Low,Confluence,FAL,2013,2013,270,359,0.752
Low,Confluence,FAL,2014,2014,236,349,0.676
Low,Confluence,FAL,2015,2015,236,361,0.654
Low,Confluence,FAL,2016,2016,249,361,0.69
Low,Confluence,FAL,2017,2017,270,365,0.74
Low,Confluence,FAL,2018,2018,258,343,0.752
Low,Confluence,FAL,2019,2019,240,349,0.688
Low,Confluence,JER,2010,2010,302,361,0.837
Low,Confluence,JER,2011,2011,260,362,0.718
Low,Confluence,JER,2012,2012,274,361,0.759
Low,Confluence,JER,2013,2013,267,365,0.732
Low,Confluence,JER,2014,2014,235,365,0.644
Low,Confluence,JER,2015,2015,236,363,0.65
Low,Confluence,JER,2016,2016,259,364,0.712
Low,Confluence,JER,2017,2017,270,365,0.74
Low,Confluence,JER,2018,2018,263,362,0.727
Low,Confluence,JER,2019,2019,253,363,0.697
Low,Confluence,LPS,2011,2011,272,363,0.749
Low,Confluence,LPS,2012,2012,264,365,0.723
Low,Confluence,LPS,2013,2013,246,363,0.678
Low,Confluence,LPS,2014,2014,231,365,0.633
Low,Confluence,LPS,2015,2015,226,362,0.624
Low,Confluence,LPS,2016,2016,235,362,0.649
Low,Confluence,LPS,2017,2017,264,357,0.739
Low,Confluence,LPS,2018,2018,252,359,0.702
Low,Confluence,LPS,2019,2019,273,353,0.773
Low,Confluence,MOK,2010,2010,284,365,0.778
Low,Confluence,MOK,2011,2011,286,365,0.784
Low,Confluence,MOK,2012,2012,273,364,0.75
Low,Confluence,MOK,2013,2013,237,347,0.683
Low,Confluence,MOK,2014,2014,226,356,0.635
Low,Confluence,MOK,2016,2016,239,350,0.683
Low,Confluence,MOK,2017,2017,270,363,0.744
Low,Confluence,MOK,2018,2018,240,344,0.698
Low,Confluence,MOK,2019,2019,254,341,0.745
Low,Confluence,OSJ,2010,2010,263,363,0.725
Low,Confluence,OSJ,2011,2011,255,363,0.702
Low,Confluence,OSJ,2012,2012,265,366,0.724
Low,Confluence,OSJ,2014,2014,229,362,0.633
Low,Confluence,OSJ,2015,2015,225,349,0.645
Low,Confluence,OSJ,2016,2016,231,361,0.64
Low,Confluence,OSJ,2017,2017,257,362,0.71
Low,Confluence,OSJ,2018,2018,246,349,0.705
Low,Confluence,OSJ,2019,2019,234,334,0.701
Low,Confluence,PPT,2010,2010,256,363,0.705
Low,Confluence,PPT,2011,2011,254,363,0.7
Low,Confluence,PPT,2012,2012,247,363,0.68
Low,Confluence,PPT,2013,2013,237,362,0.655
Low,Confluence,PPT,2014,2014,232,365,0.636
Low,Confluence,PPT,2015,2015,229,360,0.636
Low,Confluence,PPT,2016,2016,230,362,0.635
Low,Confluence,PPT,2017,2017,268,361,0.742
Low,Confluence,PPT,2018,2018,245,362,0.677
Low,Confluence,PPT,2019,2019,247,361,0.684
Low,Confluence,PRI,2010,2010,261,361,0.723
Low,Confluence,PRI,2011,2011,257,363,0.708
Low,Confluence,PRI,2012,2012,263,366,0.719
Low,Confluence,PRI,2013,2013,238,359,0.663
Low,Confluence,PRI,2014,2014,197,324,0.608
Low,Confluence,PRI,2015,2015,227,352,0.645
Low,Confluence,PRI,2016,2016,218,349,0.625
Low,Confluence,PRI,2017,2017,266,351,0.758
Low,Confluence,PRI,2018,2018,247,352,0.702
Low,Confluence,PRI,2019,2019,248,351,0.707
Low,Confluence,RIV,2010,2010,315,364,0.865
Low,Confluence,RIV,2011,2011,305,363,0.84
Low,Confluence,RIV,2012,2012,257,329,0.781
Low,Confluence,RIV,2013,2013,252,363,0.694
Low,Confluence,RIV,2014,2014,233,364,0.64
Low,Confluence,RIV,2015,2015,230,357,0.644
Low,Confluence,RIV,2016,2016,267,366,0.73
Low,Confluence,RIV,2017,2017,272,361,0.753
Low,Confluence,RIV,2018,2018,272,364,0.747
Low,Confluence,RIV,2019,2019,284,364,0.78
Low,Confluence,RVB,2010,2010,307,363,0.846
Low,Confluence,RVB,2011,2011,300,364,0.824
Low,Confluence,RVB,2012,2012,297,366,0.811
Low,Confluence,RVB,2013,2013,260,363,0.716
Low,Confluence,RVB,2014,2014,232,365,0.636
Low,Confluence,RVB,2015,2015,234,362,0.646
Low,Confluence,RVB,2016,2016,268,364,0.736
Low,Confluence,RVB,2017,2017,275,360,0.764
Low,Confluence,RVB,2018,2018,268,362,0.74
Low,Confluence,RVB,2019,2019,282,363,0.777
Low,Confluence,SAL,2010,2010,280,365,0.767
Low,Confluence,SAL,2011,2011,262,363,0.722
Low,Confluence,SAL,2012,2012,257,360,0.714
Low,Confluence,SAL,2013,2013,237,361,0.657
Low,Confluence,SAL,2014,2014,227,365,0.622
Low,Confluence,SAL,2015,2015,225,361,0.623
Low,Confluence,SAL,2016,2016,239,364,0.657
Low,Confluence,SAL,2017,2017,270,352,0.767
Low,Confluence,SAL,2018,2018,212,278,0.763
Low,Confluence,SAL,2019,2019,227,331,0.686
Low,Confluence,SDI,2011,2011,295,362,0.815
Low,Confluence,SDI,2012,2012,289,360,0.803
Low,Confluence,SDI,2013,2013,266,363,0.733
Low,Confluence,SDI,2014,2014,240,363,0.661
Low,Confluence,SDI,2015,2015,232,355,0.654
Low,Confluence,SDI,2016,2016,279,366,0.762
Low,Confluence,SDI,2018,2018,265,346,0.766
Low,Confluence,SDI,2019,2019,268,340,0.788
Low,Confluence,SRV,2011,2011,293,362,0.809
Low,Confluence,SRV,2012,2012,295,366,0.806
Low,Confluence,SRV,2013,2013,255,365,0.699
Low,Confluence,SRV,2014,2014,232,363,0.639
Low,Confluence,SRV,2015,2015,235,361,0.651
Low,Confluence,SRV,2016,2016,267,365,0.732
Low,Confluence,SRV,2017,2017,275,364,0.755
Low,Confluence,SRV,2018,2018,268,360,0.744
Low,Confluence,SRV,2019,2019,277,350,0.791
Low,Confluence,STI,2010,2010,279,365,0.764
Low,Confluence,STI,2011,2011,273,361,0.756
Low,Confluence,STI,2012,2012,262,361,0.726
Low,Confluence,STI,2013,2013,240,361,0.665
Low,Confluence,STI,2014,2014,228,363,0.628
Low,Confluence,STI,2015,2015,223,363,0.614
Low,Confluence,STI,2016,2016,240,364,0.659
Low,Confluence,STI,2017,2017,260,353,0.737
Low,Confluence,STI,2018,2018,256,365,0.701
Low,Confluence,STI,2019,2019,266,358,0.743
Low,Confluence,TMS,2010,2010,303,365,0.83
Low,Confluence,TMS,2011,2011,263,359,0.733
Low,Confluence,TMS,2012,2012,264,353,0.748
Low,Confluence,TMS,2013,2013,218,323,0.675
Low,Confluence,TMS,2014,2014,249,359,0.694
Low,Confluence,TMS,2015,2015,249,365,0.682
Low,Confluence,TMS,2016,2016,263,364,0.723
Low,Confluence,TMS,2017,2017,271,359,0.755
Low,Confluence,TMS,2018,2018,263,365,0.721
Low,Confluence,TMS,2019,2019,243,352,0.69
Low,Confluence,TSL,2010,2010,297,365,0.814
Low,Confluence,TSL,2011,2011,265,363,0.73
Low,Confluence,TSL,2012,2012,269,353,0.762
Low,Confluence,TSL,2013,2013,262,362,0.724
Low,Confluence,TSL,2014,2014,237,363,0.653
Low,Confluence,TSL,2015,2015,235,360,0.653
Low,Confluence,TSL,2016,2016,256,360,0.711
Low,Confluence,TSL,2017,2017,271,365,0.742
Low,Confluence,TSL,2018,2018,265,363,0.73
Low,Confluence,TSL,2019,2019,255,360,0.708
Low,North Delta,BKS,2010,2010,275,349,0.788
Low,North Delta,BKS,2011,2011,249,359,0.694
Low,North Delta,BKS,2012,2012,260,346,0.751
Low,North Delta,BKS,2013,2013,247,341,0.724
Low,North Delta,BKS,2014,2014,232,361,0.643
Low,North Delta,BKS,2015,2015,243,354,0.686
Low,North Delta,BKS,2016,2016,214,281,0.762
Low,North Delta,BKS,2017,2017,225,326,0.69
Low,North Delta,BKS,2018,2018,247,316,0.782
Low,North Delta,BKS,2019,2019,248,345,0.719
Low,North Delta,DLC,2011,2011,295,364,0.81
Low,North Delta,DLC,2012,2012,290,364,0.797
Low,North Delta,DLC,2013,2013,227,362,0.627
Low,North Delta,DLC,2014,2014,218,365,0.597
Low,North Delta,DLC,2015,2015,214,360,0.594
Low,North Delta,DLC,2016,2016,260,364,0.714
Low,North Delta,DLC,2017,2017,270,359,0.752
Low,North Delta,DLC,2018,2018,267,357,0.748
Low,North Delta,DLC,2019,2019,249,326,0.764
Low,North Delta,DWS,2012,2012,270,364,0.742
Low,North Delta,DWS,2013,2013,244,361,0.676
Low,North Delta,DWS,2014,2014,230,364,0.632
Low,North Delta,DWS,2015,2015,227,351,0.647
Low,North Delta,DWS,2016,2016,260,366,0.71
Low,North Delta,DWS,2017,2017,263,360,0.731
Low,North Delta,DWS,2018,2018,256,359,0.713
Low,North Delta,DWS,2019,2019,229,335,0.684
Low,North Delta,GES,2011,2011,313,364,0.86
Low,North Delta,GES,2012,2012,306,365,0.838
Low,North Delta,GES,2013,2013,250,362,0.691
Low,North Delta,GES,2014,2014,213,362,0.588
Low,North Delta,GES,2015,2015,223,355,0.628
Low,North Delta,GES,2016,2016,276,366,0.754
Low,North Delta,GES,2017,2017,278,358,0.777
Low,North Delta,GES,2018,2018,270,354,0.763
Low,North Delta,GES,2019,2019,284,351,0.809
Low,North Delta,GSS,2011,2011,319,364,0.876
Low,North Delta,GSS,2012,2012,308,359,0.858
Low,North Delta,GSS,2013,2013,252,362,0.696
Low,North Delta,GSS,2014,2014,218,364,0.599
Low,North Delta,GSS,2015,2015,227,360,0.631
Low,North Delta,GSS,2016,2016,280,365,0.767
Low,North Delta,GSS,2017,2017,278,359,0.774
Low,North Delta,GSS,2018,2018,270,358,0.754
Low,North Delta,GSS,2019,2019,298,359,0.83
Low,North Delta,HWB,2011,2011,315,365,0.863
Low,North Delta,HWB,2012,2012,315,366,0.861
Low,North Delta,HWB,2013,2013,246,365,0.674
Low,North Delta,HWB,2014,2014,218,363,0.601
Low,North Delta,HWB,2015,2015,222,360,0.617
Low,North Delta,HWB,2016,2016,273,365,0.748
Low,North Delta,HWB,2017,2017,280,361,0.776
Low,North Delta,HWB,2018,2018,268,358,0.749
Low,North Delta,HWB,2019,2019,281,347,0.81
Low,North Delta,LIS,2012,2012,206,362,0.569
Low,North Delta,LIS,2013,2013,216,356,0.607
Low,North Delta,LIS,2014,2014,216,361,0.598
Low,North Delta,LIS,2015,2015,254,358,0.709
Low,North Delta,LIS,2016,2016,223,364,0.613
Low,North Delta,LIS,2017,2017,231,359,0.643
Low,North Delta,LIS,2018,2018,218,339,0.643
Low,North Delta,LIS,2019,2019,189,318,0.594
Low,North Delta,SRH,2010,2010,312,364,0.857
Low,North Delta,SRH,2011,2011,318,358,0.888
Low,North Delta,SRH,2012,2012,312,365,0.855
Low,North Delta,SRH,2013,2013,252,364,0.692
Low,North Delta,SRH,2014,2014,216,365,0.592
Low,North Delta,SRH,2015,2015,223,363,0.614
Low,North Delta,SRH,2016,2016,290,365,0.795
Low,North Delta,SRH,2017,2017,283,363,0.78
Low,North Delta,SRH,2018,2018,281,361,0.778
Low,North Delta,SRH,2019,2019,291,363,0.802
Low,South,BDT,2010,2010,264,365,0.723
Low,South,BDT,2011,2011,350,363,0.964
Low,South,BDT,2012,2012,259,366,0.708
Low,South,BDT,2013,2013,241,363,0.664
Low,South,BDT,2014,2014,229,365,0.627
Low,South,BDT,2015,2015,207,362,0.572
Low,South,BDT,2016,2016,219,364,0.602
Low,South,BDT,2017,2017,322,363,0.887
Low,South,BDT,2018,2018,251,365,0.688
Low,South,BDT,2019,2019,273,363,0.752
Low,South,DGL,2010,2010,261,365,0.715
Low,South,DGL,2011,2011,312,335,0.931
Low,South,DGL,2012,2012,242,357,0.678
Low,South,DGL,2013,2013,220,343,0.641
Low,South,DGL,2014,2014,224,363,0.617
Low,South,DGL,2015,2015,213,355,0.6
Low,South,DGL,2016,2016,216,364,0.593
Low,South,DGL,2017,2017,310,354,0.876
Low,South,DGL,2018,2018,256,359,0.713
Low,South,DGL,2019,2019,257,349,0.736
Low,South,GCT,2010,2010,260,361,0.72
Low,South,GCT,2011,2011,332,361,0.92
Low,South,GCT,2012,2012,228,349,0.653
Low,South,GCT,2013,2013,240,362,0.663
Low,South,GCT,2014,2014,217,357,0.608
Low,South,GCT,2015,2015,216,354,0.61
Low,South,GCT,2016,2016,210,348,0.603
Low,South,GCT,2017,2017,303,343,0.883
Low,South,GCT,2018,2018,243,294,0.827
Low,South,GLC,2010,2010,248,360,0.689
Low,South,GLC,2011,2011,265,363,0.73
Low,South,GLC,2012,2012,229,364,0.629
Low,South,GLC,2013,2013,235,351,0.67
Low,South,GLC,2014,2014,216,346,0.624
Low,South,GLC,2015,2015,217,356,0.61
Low,South,GLC,2016,2016,215,362,0.594
Low,South,GLC,2017,2017,267,354,0.754
Low,South,GLC,2018,2018,237,351,0.675
Low,South,GLC,2019,2019,236,343,0.688
Low,South,MHO,2011,2011,228,323,0.706
Low,South,MHO,2012,2012,221,364,0.607
Low,South,MHO,2013,2013,200,354,0.565
Low,South,MHO,2014,2014,208,362,0.575
Low,South,MHO,2015,2015,225,360,0.625
Low,South,MHO,2016,2016,205,361,0.568
Low,South,MHO,2017,2017,268,362,0.74
Low,South,MHO,2018,2018,247,352,0.702
Low,South,MHO,2019,2019,239,357,0.669
Low,South,MSD,2010,2010,262,364,0.72
Low,South,MSD,2011,2011,334,363,0.92
Low,South,MSD,2012,2012,253,366,0.691
Low,South,MSD,2013,2013,239,363,0.658
Low,South,MSD,2014,2014,221,359,0.616
Low,South,MSD,2015,2015,207,362,0.572
Low,South,MSD,2016,2016,222,363,0.612
Low,South,MSD,2017,2017,336,361,0.931
Low,South,MSD,2018,2018,254,362,0.702
Low,South,MSD,2019,2019,280,361,0.776
Low,South,ODM,2011,2011,253,352,0.719
Low,South,ODM,2012,2012,227,354,0.641
Low,South,ODM,2013,2013,231,352,0.656
Low,South,ODM,2014,2014,231,365,0.633
Low,South,ODM,2015,2015,221,361,0.612
Low,South,ODM,2016,2016,222,351,0.632
Low,South,ODM,2017,2017,261,363,0.719
Low,South,ODM,2018,2018,231,337,0.685
Low,South,ODM,2019,2019,230,342,0.673
Low,South,OLD,2010,2010,251,364,0.69
Low,South,OLD,2011,2011,273,363,0.752
Low,South,OLD,2012,2012,225,363,0.62
Low,South,OLD,2013,2013,237,362,0.655
Low,South,OLD,2014,2014,215,365,0.589
Low,South,OLD,2015,2015,223,360,0.619
Low,South,OLD,2016,2016,220,365,0.603
Low,South,OLD,2017,2017,270,363,0.744
Low,South,OLD,2018,2018,250,360,0.694
Low,South,OLD,2019,2019,241,363,0.664
Low,South,SJG,2011,2011,314,363,0.865
Low,South,SJG,2012,2012,242,366,0.661
Low,South,SJG,2013,2013,234,363,0.645
Low,South,SJG,2014,2014,232,365,0.636
Low,South,SJG,2015,2015,201,358,0.561
Low,South,SJG,2016,2016,217,363,0.598
Low,South,SJG,2017,2017,279,363,0.769
Low,South,SJG,2018,2018,243,351,0.692
Low,South,SJG,2019,2019,256,350,0.731
Low,South,SJL,2010,2010,268,365,0.734
Low,South,SJL,2011,2011,340,363,0.937
Low,South,SJL,2012,2012,254,366,0.694
Low,South,SJL,2013,2013,241,361,0.668
Low,South,SJL,2014,2014,213,346,0.616
Low,South,SJL,2015,2015,202,354,0.571
Low,South,SJL,2016,2016,207,349,0.593
Low,South,SJL,2017,2017,331,360,0.919
Low,South,SJL,2018,2018,252,364,0.692
Low,South,SJL,2019,2019,289,356,0.812
Low,South,SJR,2010,2010,276,365,0.756
Low,South,SJR,2011,2011,357,363,0.983
Low,South,SJR,2012,2012,255,366,0.697
Low,South,SJR,2013,2013,236,363,0.65
Low,South,SJR,2014,2014,226,364,0.621
Low,South,SJR,2015,2015,197,363,0.543
Low,South,SJR,2016,2016,219,362,0.605
Low,South,SJR,2017,2017,350,359,0.975
Low,South,SJR,2018,2018,255,365,0.699
Low,South,SJR,2019,2019,322,361,0.892
Low,South,UNI,2010,2010,260,357,0.728
Low,South,UNI,2011,2011,331,356,0.93
Low,South,UNI,2012,2012,245,363,0.675
Low,South,UNI,2013,2013,234,357,0.655
Low,South,UNI,2014,2014,226,365,0.619
Low,South,UNI,2015,2015,208,356,0.584
Low,South,UNI,2016,2016,218,364,0.599
Low,South,UNI,2017,2017,329,363,0.906
Low,South,UNI,2018,2018,252,363,0.694
Low,South,UNI,2019,2019,274,363,0.755
Low,Suisun Bay,CLL,2010,2010,342,365,0.937
Low,Suisun Bay,CLL,2011,2011,305,365,0.836
Low,Suisun Bay,CLL,2012,2012,311,362,0.859
Low,Suisun Bay,CLL,2013,2013,290,357,0.812
Low,Suisun Bay,CLL,2014,2014,256,365,0.701
Low,Suisun Bay,CLL,2015,2015,244,362,0.674
Low,Suisun Bay,CLL,2016,2016,288,366,0.787
Low,Suisun Bay,CLL,2017,2017,274,365,0.751
Low,Suisun Bay,CLL,2018,2018,288,360,0.8
Low,Suisun Bay,CLL,2019,2019,270,358,0.754
Low,Suisun Bay,CSE,2010,2010,328,365,0.899
Low,Suisun Bay,CSE,2011,2011,278,361,0.77
Low,Suisun Bay,CSE,2012,2012,291,365,0.797
Low,Suisun Bay,CSE,2013,2013,297,364,0.816
Low,Suisun Bay,CSE,2014,2014,268,361,0.742
Low,Suisun Bay,CSE,2015,2015,249,363,0.686
Low,Suisun Bay,CSE,2016,2016,290,363,0.799
Low,Suisun Bay,CSE,2017,2017,271,361,0.751
Low,Suisun Bay,CSE,2018,2018,291,362,0.804
Low,Suisun Bay,CSE,2019,2019,263,362,0.727
Low,Suisun Bay,MAL,2010,2010,353,365,0.967
Low,Suisun Bay,MAL,2011,2011,312,365,0.855
Low,Suisun Bay,MAL,2012,2012,332,366,0.907
Low,Suisun Bay,MAL,2013,2013,315,363,0.868
Low,Suisun Bay,MAL,2014,2014,278,364,0.764
Low,Suisun Bay,MAL,2015,2015,256,362,0.707
Low,Suisun Bay,MAL,2016,2016,301,364,0.827
Low,Suisun Bay,MAL,2017,2017,272,362,0.751
Low,Suisun Bay,MAL,2018,2018,294,363,0.81
Low,Suisun Bay,MAL,2019,2019,262,359,0.73
Low,Suisun Bay,MRZ,2010,2010,331,362,0.914
Low,Suisun Bay,MRZ,2011,2011,306,355,0.862
Low,Suisun Bay,MRZ,2012,2012,325,366,0.888
Low,Suisun Bay,MRZ,2013,2013,306,365,0.838
Low,Suisun Bay,MRZ,2014,2014,270,346,0.78
Low,Suisun Bay,MRZ,2015,2015,265,362,0.732
Low,Suisun Bay,MRZ,2016,2016,308,364,0.846
Low,Suisun Bay,MRZ,2017,2017,269,362,0.743
Low,Suisun Bay,MRZ,2018,2018,305,362,0.843
Low,Suisun Bay,MRZ,2019,2019,253,363,0.697
Low,Suisun Bay,MSL,2010,2010,337,365,0.923
Low,Suisun Bay,MSL,2011,2011,306,364,0.841
Low,Suisun Bay,MSL,2012,2012,314,366,0.858
Low,Suisun Bay,MSL,2013,2013,306,365,0.838
Low,Suisun Bay,MSL,2014,2014,257,363,0.708
Low,Suisun Bay,MSL,2015,2015,243,351,0.692
Low,Suisun Bay,MSL,2016,2016,290,364,0.797
Low,Suisun Bay,MSL,2017,2017,270,363,0.744
Low,Suisun Bay,MSL,2018,2018,287,362,0.793
Low,Suisun Bay,MSL,2019,2019,255,357,0.714
Low,Suisun Bay,PCT,2010,2010,344,365,0.942
Low,Suisun Bay,PCT,2011,2011,299,355,0.842
Low,Suisun Bay,PCT,2012,2012,325,363,0.895
Low,Suisun Bay,PCT,2013,2013,305,360,0.847
Low,Suisun Bay,PCT,2014,2014,268,365,0.734
Low,Suisun Bay,PCT,2015,2015,257,363,0.708
Low,Suisun Bay,PCT,2016,2016,310,362,0.856
Low,Suisun Bay,PCT,2017,2017,269,325,0.828
Low,Suisun Bay,PCT,2018,2018,261,320,0.816
Low,Suisun Bay,PCT,2019,2019,244,344,0.709
Low,Suisun Bay,PTS,2010,2010,329,364,0.904
Low,Suisun Bay,PTS,2011,2011,245,325,0.754
Low,Suisun Bay,PTS,2012,2012,310,356,0.871
Low,Suisun Bay,PTS,2013,2013,303,363,0.835
Low,Suisun Bay,PTS,2014,2014,257,365,0.704
Low,Suisun Bay,PTS,2015,2015,241,330,0.73
Low,Suisun Bay,PTS,2016,2016,292,364,0.802
Low,Suisun Bay,PTS,2017,2017,272,365,0.745
Low,Suisun Bay,PTS,2018,2018,292,363,0.804
Low,Suisun Bay,PTS,2019,2019,259,365,0.71
Low,Suisun Marsh,BDL,2010,2010,303,365,0.83
Low,Suisun Marsh,BDL,2011,2011,257,361,0.712
Low,Suisun Marsh,BDL,2012,2012,285,364,0.783
Low,Suisun Marsh,BDL,2013,2013,275,365,0.753
Low,Suisun Marsh,BDL,2014,2014,249,363,0.686
Low,Suisun Marsh,BDL,2015,2015,250,364,0.687
Low,Suisun Marsh,BDL,2016,2016,269,365,0.737
Low,Suisun Marsh,BDL,2017,2017,265,362,0.732
Low,Suisun Marsh,BDL,2018,2018,282,361,0.781
Low,Suisun Marsh,BDL,2019,2019,215,330,0.652
Low,Suisun Marsh,BLL,2010,2010,264,360,0.733
Low,Suisun Marsh,BLL,2011,2011,259,363,0.713
Low,Suisun Marsh,BLL,2012,2012,245,363,0.675
Low,Suisun Marsh,BLL,2013,2013,248,363,0.683
Low,Suisun Marsh,BLL,2014,2014,221,363,0.609
Low,Suisun Marsh,BLL,2015,2015,232,360,0.644
Low,Suisun Marsh,BLL,2016,2016,243,365,0.666
Low,Suisun Marsh,BLL,2017,2017,237,354,0.669
Low,Suisun Marsh,BLL,2018,2018,262,355,0.738
Low,Suisun Marsh,CYG,2011,2011,287,364,0.788
Low,Suisun Marsh,CYG,2012,2012,308,366,0.842
Low,Suisun Marsh,CYG,2013,2013,296,363,0.815
Low,Suisun Marsh,CYG,2014,2014,242,363,0.667
Low,Suisun Marsh,CYG,2015,2015,250,362,0.691
Low,Suisun Marsh,CYG,2016,2016,283,364,0.777
Low,Suisun Marsh,CYG,2017,2017,248,354,0.701
Low,Suisun Marsh,CYG,2018,2018,282,362,0.779
Low,Suisun Marsh,CYG,2019,2019,244,363,0.672
Low,Suisun Marsh,GYS,2010,2010,260,359,0.724
Low,Suisun Marsh,GYS,2011,2011,253,363,0.697
Low,Suisun Marsh,GYS,2012,2012,252,342,0.737
Low,Suisun Marsh,GYS,2013,2013,273,365,0.748
Low,Suisun Marsh,GYS,2014,2014,228,359,0.635
Low,Suisun Marsh,GYS,2015,2015,244,362,0.674
Low,Suisun Marsh,GYS,2016,2016,256,341,0.751
Low,Suisun Marsh,GYS,2017,2017,254,362,0.702
Low,Suisun Marsh,GYS,2018,2018,257,339,0.758
Low,Suisun Marsh,GYS,2019,2019,235,358,0.656
Low,Suisun Marsh,HUN,2011,2011,294,364,0.808
Low,Suisun Marsh,HUN,2012,2012,301,366,0.822
Low,Suisun Marsh,HUN,2013,2013,287,365,0.786
Low,Suisun Marsh,HUN,2014,2014,238,363,0.656
Low,Suisun Marsh,HUN,2015,2015,248,362,0.685
Low,Suisun Marsh,HUN,2016,2016,282,364,0.775
Low,Suisun Marsh,HUN,2017,2017,268,362,0.74
Low,Suisun Marsh,HUN,2018,2018,286,360,0.794
Low,Suisun Marsh,HUN,2019,2019,250,364,0.687
Low,Suisun Marsh,IBS,2010,2010,293,360,0.814
Low,Suisun Marsh,IBS,2011,2011,259,362,0.715
Low,Suisun Marsh,IBS,2012,2012,268,358,0.749
Low,Suisun Marsh,IBS,2013,2013,255,360,0.708
Low,Suisun Marsh,IBS,2014,2014,227,363,0.625
Low,Suisun Marsh,IBS,2015,2015,243,362,0.671
Low,Suisun Marsh,IBS,2016,2016,254,362,0.702
Low,Suisun Marsh,IBS,2017,2017,247,360,0.686
Low,Suisun Marsh,IBS,2018,2018,266,343,0.776
Low,Suisun Marsh,IBS,2019,2019,234,354,0.661
Low,Suisun Marsh,NSL,2010,2010,312,363,0.86
Low,Suisun Marsh,NSL,2011,2011,341,361,0.945
Low,Suisun Marsh,NSL,2012,2012,366,366,1
Low,Suisun Marsh,NSL,2013,2013,288,365,0.789
Low,Suisun Marsh,NSL,2014,2014,244,363,0.672
Low,Suisun Marsh,NSL,2015,2015,241,346,0.697
Low,Suisun Marsh,NSL,2016,2016,229,314,0.729
Low,Suisun Marsh,NSL,2017,2017,270,362,0.746
Low,Suisun Marsh,NSL,2018,2018,282,362,0.779
Low,Suisun Marsh,NSL,2019,2019,254,363,0.7
Low,Suisun Marsh,SNC,2010,2010,269,365,0.737
Low,Suisun Marsh,SNC,2011,2011,257,363,0.708
Low,Suisun Marsh,SNC,2012,2012,252,366,0.689
Low,Suisun Marsh,SNC,2013,2013,236,360,0.656
Low,Suisun Marsh,SNC,2014,2014,211,356,0.593
Low,Suisun Marsh,SNC,2015,2015,230,363,0.634
Low,Suisun Marsh,SNC,2016,2016,238,356,0.669
Low,Suisun Marsh,SNC,2017,2017,245,359,0.682
Low,Suisun Marsh,SNC,2018,2018,258,361,0.715
Low,Suisun Marsh,SNC,2019,2019,237,360,0.658
Low,Suisun Marsh,TEA,2011,2011,246,361,0.681
Low,Suisun Marsh,TEA,2012,2012,260,366,0.71
Low,Suisun Marsh,TEA,2013,2013,238,363,0.656
Low,Suisun Marsh,TEA,2014,2014,216,363,0.595
Low,Suisun Marsh,TEA,2015,2015,221,362,0.61
Low,Suisun Marsh,TEA,2016,2016,226,363,0.623
Low,Suisun Marsh,TEA,2017,2017,239,362,0.66
Low,Suisun Marsh,TEA,2018,2018,252,360,0.7
Low,Suisun Marsh,TEA,2019,2019,238,362,0.657
Low,Suisun Marsh,VOL,2010,2010,245,364,0.673
Low,Suisun Marsh,VOL,2011,2011,262,363,0.722
Low,Suisun Marsh,VOL,2012,2012,273,366,0.746
Low,Suisun Marsh,VOL,2013,2013,257,365,0.704
Low,Suisun Marsh,VOL,2014,2014,232,363,0.639
Low,Suisun Marsh,VOL,2015,2015,243,362,0.671
Low,Suisun Marsh,VOL,2016,2016,269,364,0.739
Low,Suisun Marsh,VOL,2017,2017,255,362,0.704
Low,Suisun Marsh,VOL,2018,2018,279,362,0.771
Low,Suisun Marsh,VOL,2019,2019,245,363,0.675
